,Ticker,Company Name,Start date,Start date_for_index,End date,Fiscal Year,Fiscal Period,Revenue Growth,Net Operating Profit after Tax (NOPAT),NOPAT Margin,Invested Capital,Invested Capital Turnover,Increase / (Decrease) in Invested Capital,Free Cash Flow to Firm (FCFF),Net Nonoperating Expense (NNE),Net Nonoperating Obligations (NNO),Earnings before Interest and Taxes (EBIT),Total Depreciation and Amortization (D&A),"Earnings before Interest, Taxes, Depreciation and Amortization (EBITDA)",Capital Expenditures (CapEx),"Debt-free, Cash-free Net Working Capital (DFCFNWC)",Debt-free Net Working Capital (DFNWC),Net Working Capital (NWC),Total Debt,Total Long-Term Debt,Net Debt,Total Capital,Book Value per Share,Tangible Book Value per Share,Market Capitalization,Enterprise Value (EV),Price to Book Value (P/BV),Price to Tangible Book Value (P/TBV),Price to Revenue (P/Rev),Price to Earnings (P/E),Dividend Yield,Earnings Yield,Enterprise Value to Invested Capital (EV/IC),Enterprise Value to Revenue (EV/Rev),Enterprise Value to EBITDA (EV/EBITDA),Enterprise Value to EBIT (EV/EBIT),Enterprise Value to NOPAT (EV/NOPAT),Enterprise Value to Operating Cash Flow (EV/OCF),Enterprise Value to Free Cash Flow (EV/FCFF),EBITDA Growth,EBIT Growth,NOPAT Growth,Net Income Growth,EPS Growth,Operating Cash Flow Growth,Free Cash Flow Firm Growth,Invested Capital Growth,Revenue Q/Q Growth,EBITDA Q/Q Growth,EBIT Q/Q Growth,NOPAT Q/Q Growth,Net Income Q/Q Growth,EPS Q/Q Growth,Operating Cash Flow Q/Q Growth,Free Cash Flow Firm Q/Q Growth,Invested Capital Q/Q Growth,Gross Margin,EBITDA Margin,Operating Margin,EBIT Margin,Profit (Net Income) Margin,Cost of Revenue to Revenue,SG&A Expenses to Revenue,R&D to Revenue,Operating Expenses to Revenue,Tax Burden Percent,Interest Burden Percent,Effective Tax Rate,Asset Turnover,Accounts Receivable Turnover,Inventory Turnover,Fixed Asset Turnover,Accounts Payable Turnover,Days Sales Outstanding (DSO),Days Inventory Outstanding (DIO),Days Payable Outstanding (DPO),Cash Conversion Cycle (CCC),Financial Leverage,Leverage Ratio,Compound Leverage Factor,Long-Term Debt to Equity,Debt to Equity,Return on Invested Capital (ROIC),Net Nonoperating Expense Percent (NNEP),ROIC Less NNEP Spread (ROIC-NNEP),Return on Net Nonoperating Assets (RNNOA),Return on Equity (ROE),Cash Return on Invested Capital (CROIC),Operating Return on Assets (OROA),Return on Assets (ROA),Noncontrolling Interest Sharing Ratio,Return on Common Equity (ROCE),Dividend Payout Ratio,Augmented Payout Ratio,Operating Cash Flow to CapEx,Short-Term Debt to Total Capital,Long-Term Debt to Total Capital,Debt to Total Capital,Preferred Equity to Total Capital,Noncontrolling Interests to Total Capital,Common Equity to Total Capital,Debt to EBITDA,Net Debt to EBITDA,Long-Term Debt to EBITDA,Debt to NOPAT,Net Debt to NOPAT,Long-Term Debt to NOPAT,Altman Z-Score,EBIT to Interest Expense,NOPAT to Interest Expense,EBIT Less CapEx to Interest Expense,NOPAT Less CapEx to Interest Expense,Operating Cash Flow to Interest Expense,Operating Cash Flow Less CapEx to Interest Expense,Free Cash Flow to Firm to Interest Expense,Current Ratio,Quick Ratio,"Debt-free, Cash-free Net Working Capital to Revenue",Debt-free Net Working Capital to Revenue,Net Working Capital to Revenue,Normalized Net Operating Profit after Tax (NOPAT),Normalized NOPAT Margin,Pre Tax Income Margin,Adjusted Weighted Average Basic Shares Outstanding,Adjusted Basic Earnings per Share,Adjusted Weighted Average Diluted Shares Outstanding,Adjusted Diluted Earnings per Share,Adjusted Weighted Average Basic & Diluted Shares Outstanding,Adjusted Basic & Diluted Earnings per Share
0,AAPL,Apple Inc,2008-09-28,2008-09-28,2008-12-27,2009,Q1,0.0,2145675053.7,0.180612,0.0,0.0,0.0,0.0,-109324946.3,0.0,3259000000.0,168000000.0,3427000000.0,339000000.0,0.0,0.0,0.0,0.0,0.0,0.0,0.0,0.0,0.0,65666306687.6,0.0,0.0,0.0,0.0,0.0,0.0,0.0,0.0,0.0,0.0,0.0,0.0,0.0,0.0,0.0,0.0,0.0,0.0,0.0,0.0,0.0,0.0,0.0,0.0,0.0,0.0,0.0,0.0,-0.08312,0.0,0.0,0.379377,0.288468,0.261027,0.274327,0.189815,0.620623,0.091835,0.026515,0.11835,0.69193,1.0,0.30807,0.0,0.0,0.0,0.0,0.0,0.0,0.0,0.0,0.0,0.0,0.0,0.0,0.0,0.0,0.0,0.0,0.0,0.0,0.0,0.0,0.0,0.0,0.0,0.0,0.0,0.0,11.616519,0.0,0.0,0.0,0.0,0.0,0.0,0.0,0.0,0.0,0.0,0.0,0.0,0.0,0.0,0.0,0.0,0.0,0.0,0.0,0.0,0.0,0.0,0.0,0.0,0.0,2145675053.7,0.180612,0.274327,24895976000.0,0.09,25241832000.0,0.09,0.0,0.0
0,AAPL,Apple Inc,2008-12-28,2008-12-28,2009-03-28,2009,Q2,0.0,1577225482.0,0.173627,0.0,0.0,0.0,0.0,-42774518.0,0.0,2386000000.0,181000000.0,2567000000.0,100000000.0,0.0,0.0,0.0,0.0,0.0,0.0,0.0,0.0,0.0,81903178897.9,0.0,0.0,0.0,0.0,0.0,0.0,0.0,0.0,0.0,0.0,0.0,0.0,0.0,0.0,0.0,0.0,0.0,0.0,0.0,0.0,0.0,0.0,0.0,-0.250948,-0.267874,-0.264928,0.0,0.0,0.0,0.0,0.0,0.399273,0.282585,0.255724,0.26266,0.178336,0.600727,0.108432,0.035117,0.143549,0.678961,1.0,0.321039,0.0,0.0,0.0,0.0,0.0,0.0,0.0,0.0,0.0,0.0,0.0,0.0,0.0,0.0,0.0,0.0,0.0,0.0,0.0,0.0,0.0,0.0,0.0,0.0,0.0,0.0,8.41,0.0,0.0,0.0,0.0,0.0,0.0,0.0,0.0,0.0,0.0,0.0,0.0,0.0,0.0,0.0,0.0,0.0,0.0,0.0,0.0,0.0,0.0,0.0,0.0,0.0,1577225482.0,0.173627,0.26266,0.0,0.0,0.0,0.0,0.0,0.0
0,AAPL,Apple Inc,2009-03-29,2009-03-29,2009-06-27,2009,Q3,0.304126,1787257057.9,0.18361,-5233000000.0,0.0,-5233000000.0,7020257057.9,-40742942.1,-31121000000.0,2692000000.0,182000000.0,2874000000.0,246000000.0,-5713000000.0,18509000000.0,18509000000.0,0.0,0.0,-31121000000.0,25888000000.0,28.9668,28.4454,109929469741.0,78808469741.0,4.2463,4.3242,0.0,0.0,0.0,0.0,0.0,0.0,0.0,0.0,0.0,6.9472,0.0,0.903311,0.782781,0.808548,0.705224,0.689076,0.0,0.0,0.0,0.071554,0.119595,0.128248,0.133165,0.128395,0.122905,1.699168,0.0,0.0,0.409184,0.295254,0.270392,0.276556,0.187795,0.590816,0.10376,0.035032,0.138792,0.679049,1.0,0.320951,0.0,0.0,0.0,0.0,0.0,0.0,0.0,0.0,0.0,-1.2021,1.8595,1.8595,0.0,0.0,0.0,0.002618,0.0,0.0,0.0,0.0,0.0,0.0,0.0,0.0,0.0,0.0,9.227642,0.0,0.0,0.0,0.0,0.0,1.0,0.0,0.0,0.0,0.0,0.0,0.0,0.0,0.0,0.0,0.0,0.0,0.0,0.0,0.0,2.1109,1.615,0.0,0.0,0.0,1787257057.9,0.18361,0.276556,25023936000.0,0.05,25456480000.0,0.05,25082869224.0,0.0
0,AAPL,Apple Inc,2009-06-28,2009-06-28,2009-09-26,2009,Q4,0.0,2501444891.4,0.204919,-2352000000.0,-18.2419,0.0,0.0,-30555108.6,-33992000000.0,3729000000.0,203000000.0,3932000000.0,459000000.0,-3415000000.0,20049000000.0,20049000000.0,0.0,0.0,-33992000000.0,31640000000.0,35.3197,34.814,140412226970.0,106420226970.0,4.4378,4.5023,3.2726,17.0507,0.0,0.058649,0.0,2.4804,8.3141,8.8198,13.2818,10.4755,0.0,0.0,0.0,0.0,0.0,0.0,-0.275902,0.0,0.0,0.254058,0.368128,0.385215,0.3996,0.38512,0.383085,0.370044,-1.0,0.550545,0.418203,0.32211,0.301794,0.30548,0.207422,0.581797,0.087081,0.029327,0.116409,0.679002,1.0,0.320998,1.0256,14.8383,53.2842,15.8643,4.6188,24.5985,6.8501,79.0244,-47.5758,-1.0743,1.5513,1.5513,0.0,0.0,0.0,0.000899,0.0,0.0,0.305356,0.0,0.313286,0.212722,0.0,0.305356,0.0,0.0,6.775599,0.0,0.0,0.0,0.0,0.0,1.0,0.0,0.0,0.0,0.0,0.0,0.0,7.6687,0.0,0.0,0.0,0.0,0.0,0.0,0.0,2.7425,2.4788,-0.079594,0.467288,0.467288,2501444891.4,0.204919,0.30548,25004448000.0,0.1,25396140000.0,0.1,25218997244.0,0.0
0,AAPL,Apple Inc,2009-09-27,2009-09-27,2009-12-26,2010,Q1,0.0,3354571248.4,0.213899,0.0,0.0,0.0,3354571248.4,-23428751.6,0.0,4758000000.0,209000000.0,4967000000.0,376000000.0,0.0,0.0,0.0,0.0,0.0,0.0,0.0,0.0,0.0,163213704905.7,0.0,0.0,0.0,3.4943,17.4411,0.0,0.057336,0.0,0.0,0.0,0.0,0.0,0.0,0.0,0.449373,0.459957,0.563411,0.0,0.0,0.0,0.0,0.0,0.284755,0.263225,0.275945,0.341053,0.334123,0.320144,0.858842,0.0,1.0,0.408787,0.316712,0.301282,0.303386,0.215392,0.591213,0.082127,0.025378,0.107505,0.709962,1.0,0.290038,0.0,0.0,0.0,0.0,0.0,0.0,0.0,0.0,0.0,0.0,0.0,0.0,0.0,0.0,0.0,0.0,0.0,0.0,0.0,0.0,0.0,0.0,0.0,0.0,0.0,0.0,15.375,0.0,0.0,0.0,0.0,0.0,0.0,0.0,0.0,0.0,0.0,0.0,0.0,0.0,0.0,0.0,0.0,0.0,0.0,0.0,0.0,0.0,0.0,0.0,0.0,0.0,3354571248.4,0.213899,0.303386,0.0,0.0,0.0,0.0,0.0,0.0
0,AAPL,Apple Inc,2009-12-27,2009-12-27,2010-03-27,2010,Q2,0.486019,3035851576.1,0.224895,-2356000000.0,-43.3981,-2356000000.0,5391851576.1,-38148423.9,-41704000000.0,4029000000.0,216000000.0,4245000000.0,274000000.0,-3048000000.0,20107000000.0,20107000000.0,0.0,0.0,-41704000000.0,39348000000.0,43.3564,42.5377,180888132140.5,139184132140.5,4.5971,4.6856,3.5383,16.7303,0.0,0.059772,0.0,2.7225,8.6892,9.152,13.0342,10.3168,0.0,0.653681,0.6886,0.924805,0.897531,0.860335,1.770511,0.0,0.0,-0.139259,-0.145359,-0.153216,-0.095011,-0.089994,-0.092643,-0.596956,0.607315,0.0,0.416698,0.314468,0.294763,0.298467,0.227721,0.583302,0.090377,0.031558,0.121935,0.762968,1.0,0.237032,0.896,17.7141,47.0204,14.5899,5.2946,20.605,7.7626,68.9386,-40.571,-1.0599,1.4501,1.4501,0.0,0.0,0.0,0.001829,0.0,0.0,0.274779,0.0,0.267426,0.204037,0.0,0.274779,0.0,0.0,8.50365,0.0,0.0,0.0,0.0,0.0,1.0,0.0,0.0,0.0,0.0,0.0,0.0,8.4086,0.0,0.0,0.0,0.0,0.0,0.0,0.0,2.6442,2.1294,-0.059621,0.393306,0.393306,3035851576.1,0.224895,0.298467,25411344000.0,0.12,25840584000.0,0.12,25478274724.0,0.0
0,AAPL,Apple Inc,2010-03-28,2010-03-28,2010-06-26,2010,Q3,0.612903,3209040540.5,0.204397,-2728000000.0,-14.3422,2505000000.0,704040540.5,-43959459.5,-45839000000.0,4292000000.0,273000000.0,4565000000.0,595000000.0,-3867000000.0,20421000000.0,20421000000.0,0.0,0.0,-45839000000.0,43111000000.0,47.3779,46.2438,209948942558.5,164109942558.5,4.87,4.9894,3.6776,17.1569,0.0,0.058286,0.0,2.8746,9.267,9.7638,13.561,10.2428,0.0,0.588379,0.594354,0.795511,0.77954,0.746269,1.114978,-0.899713,0.478693,0.163049,0.075383,0.065277,0.057048,0.05823,0.054054,1.060515,-0.869425,-0.157895,0.390828,0.290764,0.269682,0.273376,0.207197,0.609172,0.091592,0.029554,0.121146,0.757922,1.0,0.242078,1.0116,18.617,51.1528,17.1877,5.0757,19.6057,7.1355,71.9108,-45.1696,-1.1154,1.6357,1.6357,0.0,0.0,0.0,0.001142,0.0,0.0,0.354701,0.0,0.276556,0.209608,0.0,0.354701,0.0,0.0,8.068908,0.0,0.0,0.0,0.0,0.0,1.0,0.0,0.0,0.0,0.0,0.0,0.0,8.0186,0.0,0.0,0.0,0.0,0.0,0.0,0.0,2.308,1.9656,-0.067736,0.357705,0.357705,3209040540.5,0.204397,0.273376,25541516000.0,0.13,25966108000.0,0.13,25579760640.0,0.0
0,AAPL,Apple Inc,2010-06-27,2010-06-27,2010-09-25,2010,Q4,0.666503,4296955868.9,0.211225,-3220000000.0,-23.4117,-868000000.0,5164955868.9,-11044131.1,-51011000000.0,5461000000.0,329000000.0,5790000000.0,760000000.0,-4664000000.0,20956000000.0,20956000000.0,0.0,0.0,-51011000000.0,47791000000.0,52.3128,51.1273,229459937865.3,178448937865.3,4.8013,4.9126,3.518,16.3748,0.0,0.061069,0.0,2.7359,9.1199,9.6251,12.8419,9.5966,12.0869,0.472533,0.464468,0.71779,0.701422,0.669065,0.827331,0.0,-0.369048,0.295732,0.268346,0.272367,0.339016,0.324316,0.321937,0.183712,6.336163,-0.180352,0.369267,0.284619,0.267758,0.268446,0.211768,0.630733,0.077226,0.024284,0.101509,0.788867,1.0,0.211133,1.0633,14.7052,52.5113,16.8933,4.4892,24.8211,6.9509,81.306,-49.534,-1.0701,1.5445,1.5445,0.0,0.0,0.0,0.00026,0.0,0.0,0.352835,0.0,0.285439,0.225173,0.0,0.352835,0.0,0.0,7.477632,0.0,0.0,0.0,0.0,0.0,1.0,0.0,0.0,0.0,0.0,0.0,0.0,7.16,0.0,0.0,0.0,0.0,0.0,0.0,0.0,2.0113,1.7153,-0.071506,0.321288,0.321288,4296955868.9,0.211225,0.268446,25464908000.0,0.17,25891936000.0,0.17,25684598772.0,0.0
0,AAPL,Apple Inc,2010-09-26,2010-09-26,2010-12-25,2011,Q1,0.705095,5901457742.1,0.220689,-5041000000.0,-30.265,-5041000000.0,10942457742.1,-102542257.9,-59707000000.0,7963000000.0,356000000.0,8319000000.0,1214000000.0,-6845000000.0,20132000000.0,20132000000.0,0.0,0.0,-59707000000.0,54666000000.0,59.594,58.2171,256332505838.5,196625505838.5,4.6891,4.8,3.3603,15.4055,0.0,0.064912,0.0,2.5776,8.5791,9.0423,11.959,8.7053,9.1528,0.674854,0.673602,0.759229,0.777383,0.752044,0.690538,2.261954,0.0,0.314506,0.436788,0.458158,0.373404,0.393686,0.385776,0.71969,1.118597,-0.565528,0.385102,0.311095,0.292697,0.297782,0.224524,0.614898,0.070902,0.021503,0.092405,0.753987,1.0,0.246013,0.8794,12.6569,52.7819,12.9998,3.2663,28.8381,6.9152,111.7457,-75.9924,-1.0922,1.5868,1.5868,0.0,0.0,0.0,0.003435,0.0,0.0,0.304376,0.0,0.261877,0.197452,0.0,0.304376,0.0,0.0,8.050247,0.0,0.0,0.0,0.0,0.0,1.0,0.0,0.0,0.0,0.0,0.0,0.0,6.9505,0.0,0.0,0.0,0.0,0.0,0.0,0.0,1.8461,1.5907,-0.089732,0.263912,0.263912,5901457742.1,0.220689,0.297782,25740232000.0,0.23,26128312000.0,0.23,25795784336.0,0.0
0,AAPL,Apple Inc,2010-12-26,2010-12-26,2011-03-26,2011,Q2,0.827321,5967295949.4,0.241914,-4290000000.0,-26.3169,-1934000000.0,7901295949.4,-19704050.6,-65767000000.0,7900000000.0,434000000.0,8334000000.0,624000000.0,-6564000000.0,22670000000.0,22670000000.0,0.0,0.0,-65767000000.0,61477000000.0,66.7301,65.3755,279297122312.9,213530122312.9,4.5431,4.6373,3.1938,14.2848,0.0,0.070004,0.0,2.4417,7.9062,8.3358,11.0218,8.065,10.0214,0.963251,0.960784,0.965609,0.947625,0.921922,1.669099,0.465414,-0.820883,-0.077559,0.001803,-0.007912,0.011156,-0.002831,-0.004666,-0.363655,-0.277923,0.148978,0.414238,0.33786,0.319212,0.320266,0.242713,0.585762,0.071472,0.023554,0.095026,0.757848,1.0,0.242152,1.151,20.1407,67.9681,17.9479,5.4992,18.1225,5.3702,66.3736,-42.8809,-1.0659,1.5072,1.5072,0.0,0.0,0.0,0.000367,0.0,0.0,0.38784,0.0,0.368615,0.279354,0.0,0.38784,0.0,0.0,9.966346,0.0,0.0,0.0,0.0,0.0,1.0,0.0,0.0,0.0,0.0,0.0,0.0,7.2193,0.0,0.0,0.0,0.0,0.0,0.0,0.0,1.9319,1.6578,-0.075059,0.259231,0.259231,5967295949.4,0.241914,0.320266,25849488000.0,0.23,26206432000.0,0.23,25893127708.0,0.0
0,AAPL,Apple Inc,2011-03-27,2011-03-27,2011-06-25,2011,Q3,0.819809,7176393257.3,0.251178,-6813000000.0,-21.0297,-4085000000.0,11261393257.3,-131606742.7,-76156000000.0,9551000000.0,481000000.0,10032000000.0,777000000.0,-8356000000.0,20039000000.0,20039000000.0,0.0,0.0,-76156000000.0,69343000000.0,74.9853,72.9199,259800704571.0,183644704571.0,3.7466,3.8527,2.5897,11.0052,0.0,0.090866,0.0,1.8306,5.655,5.948,7.8679,5.6018,6.696,1.19759,1.225303,1.236305,1.246542,1.219373,1.313685,14.995376,-1.497434,0.158268,0.203744,0.208987,0.202621,0.220645,0.217187,0.786139,0.425259,-0.588112,0.417276,0.351125,0.32827,0.33429,0.255784,0.582724,0.067026,0.02198,0.089006,0.765155,1.0,0.234845,1.1701,21.012,65.9443,18.6837,5.0863,17.371,5.535,71.7612,-48.8552,-1.0848,1.5249,1.5249,0.0,0.0,0.0,0.002158,0.0,0.0,0.419852,0.0,0.391137,0.29928,0.0,0.419852,0.0,0.0,14.29601,0.0,0.0,0.0,0.0,0.0,1.0,0.0,0.0,0.0,0.0,0.0,0.0,6.364,0.0,0.0,0.0,0.0,0.0,0.0,0.0,1.7461,1.4843,-0.083292,0.199747,0.199747,7176393257.3,0.251178,0.33429,25931024000.0,0.28,26258680000.0,0.28,25958544808.0,0.0
0,AAPL,Apple Inc,2011-06-26,2011-06-26,2011-09-24,2011,Q4,0.389667,6561975884.4,0.232118,-4955000000.0,-26.4829,-1735000000.0,8296975884.4,-61024115.6,-81570000000.0,8791000000.0,543000000.0,9334000000.0,1645000000.0,-8934000000.0,17018000000.0,17018000000.0,0.0,0.0,-81570000000.0,76615000000.0,82.6402,77.8597,321455313307.6,239885313307.6,4.1957,4.4533,2.9696,12.4009,0.0,0.08064,0.0,2.2161,6.66,7.0132,9.3678,6.392,8.7734,0.61209,0.609778,0.527122,0.537372,0.545259,0.835122,0.606398,-0.53882,-0.010535,-0.069577,-0.079573,-0.085616,-0.093733,-0.079589,-0.061127,-0.263237,0.272714,0.402547,0.330173,0.3081,0.310966,0.234277,0.597453,0.071631,0.022816,0.094446,0.753384,1.0,0.246616,1.1302,19.9005,70.532,17.2577,4.8359,18.3412,5.175,75.4773,-51.9611,-1.0657,1.5397,1.5397,0.0,0.0,0.0,0.000921,0.0,0.0,0.416732,0.0,0.351459,0.264784,0.0,0.416732,0.0,0.0,6.339818,0.0,0.0,0.0,0.0,0.0,1.0,0.0,0.0,0.0,0.0,0.0,0.0,6.9624,0.0,0.0,0.0,0.0,0.0,0.0,0.0,1.6084,1.3468,-0.082532,0.157212,0.157212,6561975884.4,0.232118,0.310966,25879224000.0,0.26,26226060000.0,0.26,26023452000.0,0.26
0,AAPL,Apple Inc,2011-09-25,2011-09-25,2011-12-31,2012,Q1,0.732658,12961592950.7,0.279749,0.0,0.0,5041000000.0,7920592950.700001,-102407049.3,0.0,17477000000.0,721000000.0,18198000000.0,1321000000.0,0.0,0.0,0.0,0.0,0.0,0.0,0.0,0.0,0.0,323705744539.0,0.0,0.0,0.0,2.5321,9.8146,0.0,0.101889,0.0,0.0,0.0,0.0,0.0,0.0,0.0,1.187523,1.194776,1.196338,1.175883,1.157076,0.796173,-0.27616,0.0,0.638946,0.949646,0.988056,0.975258,0.97252,0.934449,0.683191,-0.045364,1.0,0.446831,0.392765,0.374247,0.377204,0.281959,0.553169,0.056223,0.01636,0.072583,0.747497,1.0,0.252503,0.0,0.0,0.0,0.0,0.0,0.0,0.0,0.0,0.0,0.0,0.0,0.0,0.0,0.0,0.0,0.0,0.0,0.0,0.0,0.0,0.0,0.0,0.0,0.0,0.0,0.0,13.288418,0.0,0.0,0.0,0.0,0.0,0.0,0.0,0.0,0.0,0.0,0.0,0.0,0.0,0.0,0.0,0.0,0.0,0.0,0.0,0.0,0.0,0.0,0.0,0.0,0.0,12961592950.7,0.279749,0.377204,0.0,0.0,0.0,0.0,0.0,0.0
0,AAPL,Apple Inc,2012-01-01,2012-01-01,2012-03-31,2012,Q2,0.5886,11511257275.3,0.293759,-7678000000.0,-23.7901,-3388000000.0,14899257275.3,-110742724.7,-110176000000.0,15532000000.0,740000000.0,16272000000.0,1457000000.0,-9862000000.0,18676000000.0,18676000000.0,0.0,0.0,-110176000000.0,102498000000.0,109.79,104.7075,480894585281.6,370718585281.6,4.6917,4.9195,3.378,12.4529,0.0,0.080302,0.0,2.6041,6.8861,7.2193,9.7015,6.9857,8.9114,0.952484,0.966076,0.929058,0.941206,0.921875,1.247467,0.885673,-0.789744,-0.154253,-0.105836,-0.111289,-0.111895,-0.11038,-0.113194,-0.203771,0.881079,0.0,0.473741,0.41525,0.392589,0.396366,0.296586,0.526259,0.05969,0.021462,0.081151,0.748262,1.0,0.251738,1.1582,22.1745,78.5344,18.8706,5.1939,16.4604,4.6476,70.275,-49.167,-1.073,1.4992,1.4992,0.0,0.0,0.0,0.001259,0.0,0.0,0.471011,0.0,0.459056,0.343494,0.0,0.471011,0.0,0.0,9.592999,0.0,0.0,0.0,0.0,0.0,1.0,0.0,0.0,0.0,0.0,0.0,0.0,8.1965,0.0,0.0,0.0,0.0,0.0,0.0,0.0,1.583,1.3206,-0.069275,0.131189,0.131189,11511257275.3,0.293759,0.396366,26140296000.0,0.44,26457004000.0,0.44,26181736000.0,0.0
0,AAPL,Apple Inc,2012-04-01,2012-04-01,2012-06-30,2012,Q3,0.225823,8609742180.3,0.245831,-5475000000.0,-24.2207,1338000000.0,7271742180.299999,-214257819.7,-117221000000.0,11861000000.0,835000000.0,12696000000.0,2056000000.0,-8771000000.0,18883000000.0,18883000000.0,0.0,0.0,-117221000000.0,111746000000.0,119.5065,113.6663,469495820860.6,352274820860.6,4.2015,4.4173,3.155,11.6985,0.0,0.085481,0.0,2.3672,6.235,6.5648,8.886,6.7552,9.1964,0.26555,0.241859,0.199731,0.207444,0.196406,-0.082733,-0.354277,0.196389,-0.106237,-0.219764,-0.236351,-0.252059,-0.24075,-0.242276,-0.271017,-0.511939,0.286924,0.428119,0.362505,0.33044,0.338663,0.251949,0.571881,0.072667,0.025012,0.097679,0.743951,1.0,0.256049,1.1037,21.6312,82.7161,17.2676,5.1855,16.8738,4.4127,70.3879,-49.1015,-1.0679,1.4891,1.4891,0.0,0.0,0.0,0.002216,0.0,0.0,0.443241,0.0,0.373791,0.278082,0.0,0.443241,0.0,0.0,4.955739,0.0,0.0,0.0,0.0,0.0,1.0,0.0,0.0,0.0,0.0,0.0,0.0,7.6222,0.0,0.0,0.0,0.0,0.0,0.0,0.0,1.5712,1.269,-0.05894,0.126892,0.126892,8609742180.3,0.245831,0.338663,26224688000.0,0.34,26517652000.0,0.33,26247368000.0,0.0
0,AAPL,Apple Inc,2012-07-01,2012-07-01,2012-09-29,2012,Q4,0.272232,8261499311.5,0.229703,-3041000000.0,-39.1466,1914000000.0,6347499311.5,38499311.5,-121251000000.0,10893000000.0,981000000.0,11874000000.0,3461000000.0,-10018000000.0,19111000000.0,19111000000.0,0.0,0.0,-121251000000.0,118210000000.0,126.1033,120.3865,537639905649.9,416388905649.9,4.5482,4.7642,3.4352,12.8828,0.004657,0.077623,0.0,2.6605,7.0527,7.4671,10.0717,8.1876,10.5607,0.272123,0.239108,0.258996,0.241582,0.241582,-0.123981,-0.234962,0.386276,0.026925,-0.064745,-0.081612,-0.040448,-0.06811,-0.06811,-0.103347,-0.127101,0.444566,0.400406,0.330145,0.304287,0.302869,0.228633,0.599594,0.070928,0.02519,0.096119,0.754888,1.0,0.245112,1.0704,19.2046,112.12,13.4752,4.9066,19.0058,3.2554,74.389,-52.1277,-1.041,1.501,1.501,0.0,0.0,0.0,-0.00038,0.0,0.0,0.428415,0.0,0.324185,0.244723,0.0,0.428415,0.059617,0.059617,2.6397,0.0,0.0,0.0,0.0,0.0,1.0,0.0,0.0,0.0,0.0,0.0,0.0,7.6046,0.0,0.0,0.0,0.0,0.0,0.0,0.0,1.4958,1.2408,-0.06401,0.122109,0.122109,8261499311.5,0.229703,0.302869,183224328000.0,0.05,185289524000.0,0.05,26339376000.0,0.05
0,AAPL,Apple Inc,2012-09-30,2012-09-30,2012-12-29,2013,Q1,0.176526,12736101177.0,0.233638,-9766000000.0,-33.7266,-9766000000.0,22502101177.0,-341898823.0,-137112000000.0,17672000000.0,1588000000.0,19260000000.0,2317000000.0,-14351000000.0,25469000000.0,25469000000.0,0.0,0.0,-137112000000.0,127346000000.0,135.3748,129.1634,413381734611.9,276269734611.9,3.2461,3.4022,2.5101,9.9021,0.012139,0.100989,0.0,1.6775,4.5967,4.9371,6.7194,4.8701,5.4297,0.058358,0.011158,-0.017397,0.001072,-0.004326,0.334511,1.840962,0.0,0.515654,0.622031,0.622326,0.541621,0.590417,9.960317,1.564142,2.545034,-2.211444,0.386337,0.353317,0.31571,0.324186,0.23991,0.613663,0.052099,0.018528,0.070627,0.740041,1.0,0.259959,0.8399,14.1996,65.7512,10.6787,3.6241,25.7049,5.5512,100.7157,-69.4595,-1.0767,1.5398,1.5398,0.0,0.0,0.0,0.004987,0.0,0.0,0.327823,0.0,0.272271,0.201492,0.0,0.327823,0.119314,0.166024,10.110488,0.0,0.0,0.0,0.0,0.0,1.0,0.0,0.0,0.0,0.0,0.0,0.0,5.6835,0.0,0.0,0.0,0.0,0.0,0.0,0.0,1.5433,1.3088,-0.087141,0.154651,0.154651,12736101177.0,0.233638,0.324186,26289648000.0,0.5,26522076000.0,0.49,26293624000.0,0.0
0,AAPL,Apple Inc,2012-12-30,2012-12-30,2013-03-30,2013,Q2,0.112719,9290292599.8,0.213065,-9197000000.0,-20.042,-1519000000.0,10809292599.8,-256707400.2,-144687000000.0,12905000000.0,1692000000.0,14597000000.0,2008000000.0,-11308000000.0,27829000000.0,27829000000.0,0.0,0.0,-144687000000.0,135490000000.0,144.2829,138.3876,360730444735.3,216043444735.3,2.6624,2.7758,2.1332,9.0928,0.02084,0.109977,0.0,1.2776,3.6977,4.051,5.5547,3.9099,5.3459,-0.102938,-0.169135,-0.192938,-0.178541,-0.179675,-0.105387,-0.274508,-0.197838,-0.200121,-0.242108,-0.269749,-0.270554,-0.269995,-0.26937,-0.466234,-0.519632,0.058263,0.374951,0.334771,0.288008,0.295966,0.218953,0.625049,0.06128,0.025663,0.086944,0.739791,1.0,0.260209,0.9784,23.9422,87.1751,14.167,6.4092,15.245,4.187,56.9496,-37.5176,-1.0709,1.4525,1.4525,0.0,0.0,0.0,0.002014,0.0,0.0,0.333395,0.0,0.289571,0.214222,0.0,0.333395,0.188344,0.237497,6.227092,0.0,0.0,0.0,0.0,0.0,1.0,0.0,0.0,0.0,0.0,0.0,0.0,5.7493,0.0,0.0,0.0,0.0,0.0,0.0,0.0,1.7837,1.4778,-0.06687,0.164567,0.164567,9290292599.8,0.213065,0.295966,26309612000.0,0.36,26488980000.0,0.36,26282172000.0,0.0
0,AAPL,Apple Inc,2013-03-31,2013-03-31,2013-06-29,2013,Q3,0.008566,6728871224.2,0.190495,-6308000000.0,-28.754,-833000000.0,7561871224.2,-171128775.8,-129662000000.0,9435000000.0,1694000000.0,11129000000.0,1885000000.0,-10706000000.0,31900000000.0,31900000000.0,16958000000.0,16958000000.0,-129662000000.0,140312000000.0,131.4165,125.1575,317791997177.2,188129997177.2,2.5763,2.7051,1.8759,8.4188,0.03198,0.118782,0.0,1.1105,3.3087,3.6957,5.0829,3.5567,4.971,-0.123425,-0.204536,-0.218458,-0.218042,-0.218042,-0.23172,0.039898,-0.152146,-0.189895,-0.237583,-0.268888,-0.275709,-0.27726,-0.27726,-0.37396,-0.300429,0.314124,0.368712,0.315064,0.260482,0.267106,0.19534,0.631288,0.07488,0.033349,0.10823,0.73132,1.0,0.26868,0.934,20.5388,74.1894,12.6355,6.4701,17.7712,4.9198,56.4132,-33.7221,-1.0501,1.543,1.543,0.1375,0.1375,0.0,0.001386,0.0,0.0,0.321123,0.0,0.249476,0.182446,0.0,0.321123,0.272412,0.747934,4.152785,0.0,0.120859,0.120859,0.0,0.0,0.879141,0.2982,-2.2804,0.2982,0.4582,-3.5032,0.4582,4.4199,0.0,0.0,0.0,0.0,0.0,0.0,0.0,1.8783,1.5435,-0.063198,0.188307,0.188307,6728871224.2,0.190495,0.267106,25721304000.0,0.27,25879420000.0,0.27,25437916000.0,0.0
0,AAPL,Apple Inc,2013-06-30,2013-06-30,2013-09-28,2013,Q4,0.041873,7428311150.5,0.198236,-6252000000.0,-36.7825,-3211000000.0,10639311150.5,-83688849.5,-129801000000.0,10143000000.0,1783000000.0,11926000000.0,1955000000.0,-10918000000.0,29628000000.0,29628000000.0,16960000000.0,16960000000.0,-129801000000.0,140509000000.0,135.9927,129.657,392562883770.3,262761883770.3,3.1774,3.3327,2.2969,10.5992,0.027046,0.094347,0.0,1.5374,4.617,5.239,7.262,4.8962,6.67,0.004379,-0.068852,-0.100852,-0.086465,-0.086465,0.084501,0.676142,-1.055903,0.060839,0.071615,0.07504,0.103946,0.088696,0.088696,0.265713,0.406968,0.008878,0.37017,0.318264,0.267667,0.270682,0.20047,0.62983,0.071333,0.03117,0.102503,0.740609,1.0,0.259391,0.8923,14.2235,83.4489,10.6655,4.8967,25.6617,4.3739,74.54,-44.5044,-1.0384,1.5845,1.5845,0.1373,0.1373,0.0,0.000667,0.0,0.0,0.306396,0.0,0.241538,0.178885,0.0,0.306396,0.285228,0.902449,5.068031,0.0,0.120704,0.120704,0.0,0.0,0.879296,0.298,-2.2807,0.298,0.4687,-3.5873,0.4687,4.6867,0.0,0.0,0.0,0.0,0.0,0.0,0.0,1.6786,1.4015,-0.063882,0.173354,0.173354,7428311150.5,0.198236,0.270682,181364960000.0,0.04,182605752000.0,0.04,181300000000.0,0.04
0,AAPL,Apple Inc,2013-09-29,2013-09-29,2013-12-28,2014,Q1,0.056538,12890413688.0,0.223815,-12197000000.0,-15.8441,-2431000000.0,15321413688.0,-181586312.0,-141881000000.0,17709000000.0,2144000000.0,19853000000.0,1985000000.0,-14133000000.0,26578000000.0,26578000000.0,16961000000.0,16961000000.0,-141881000000.0,146645000000.0,144.1353,137.3255,443258449029.5,301377449029.5,3.418,3.5875,2.5476,11.9699,0.02399,0.083543,0.0,1.7321,5.2409,6.0045,8.2938,5.696,7.7738,0.030789,0.002094,0.012116,-0.000459,-0.000459,-0.032272,-0.319112,-0.248925,0.536988,0.664682,0.745933,0.735309,0.740149,0.740149,1.28805,0.440076,-0.950896,0.37931,0.344706,0.303209,0.30748,0.226968,0.62069,0.053009,0.023093,0.076102,0.738156,1.0,0.261844,0.826,13.4888,60.8901,11.258,3.8903,27.0595,5.9944,93.8224,-60.7685,-1.0854,1.639,1.639,0.1308,0.1308,0.0,0.001302,0.0,0.0,0.288145,0.0,0.253988,0.187483,0.0,0.288145,0.292728,0.993195,11.420655,0.0,0.11566,0.11566,0.0,0.0,0.88434,0.2949,-2.4673,0.2949,0.4668,-3.9045,0.4668,4.639,0.0,0.0,0.0,0.0,0.0,0.0,0.0,1.4943,1.2258,-0.081228,0.152754,0.152754,12890413688.0,0.223815,0.30748,25090016000.0,0.52,25240656000.0,0.52,24975692000.0,0.0
0,AAPL,Apple Inc,2013-12-29,2013-12-29,2014-03-29,2014,Q2,0.046855,10056537776.8,0.220316,-13448000000.0,-15.5474,-4251000000.0,14307537776.8,-166462223.2,-133627000000.0,13818000000.0,1887000000.0,15705000000.0,1382000000.0,-14017000000.0,27333000000.0,27333000000.0,16962000000.0,16962000000.0,-133627000000.0,137141000000.0,134.7315,128.024,417022384518.6,283395384518.6,3.47,3.6518,2.369,11.0595,0.025724,0.09042,0.0,1.6099,4.835,5.5454,7.638,5.2535,6.8528,0.075906,0.070748,0.082478,0.070808,0.151635,0.082694,0.323633,-0.462216,-0.207452,-0.208936,-0.219719,-0.219844,-0.217947,4.613527,-0.402823,-0.066174,-0.102566,0.393178,0.344061,0.297792,0.302721,0.223963,0.606822,0.064233,0.031153,0.095386,0.739832,1.0,0.260168,0.8786,20.9765,71.1431,11.6788,6.4653,17.4004,5.1305,56.4555,-33.9246,-1.0886,1.5674,1.5674,0.1411,0.1411,0.0,0.001196,0.0,0.0,0.294967,0.0,0.265961,0.196766,0.0,0.294967,0.291988,1.456493,9.795948,0.0,0.123683,0.123683,0.0,0.0,0.876317,0.2894,-2.2798,0.2894,0.4572,-3.6015,0.4572,4.8235,0.0,0.0,0.0,0.0,0.0,0.0,0.0,1.6326,1.3231,-0.079626,0.15527,0.15527,10056537776.8,0.220316,0.302721,24493196000.0,0.42,24626784000.0,0.42,24118668000.0,0.0
0,AAPL,Apple Inc,2014-03-30,2014-03-30,2014-06-28,2014,Q3,0.059706,7598715757.3,0.203001,-12510000000.0,-18.9334,-6202000000.0,13800715757.3,-149284242.7,-133450000000.0,10484000000.0,1946000000.0,12430000000.0,2378000000.0,-14051000000.0,23754000000.0,21744000000.0,31040000000.0,29030000000.0,-133450000000.0,151980000000.0,140.4024,133.2732,494355280234.8,360905280234.8,4.0876,4.3063,2.775,12.8221,0.0,0.07799,0.0,2.0259,6.0237,6.92,9.504,6.4023,8.1697,0.116902,0.111182,0.12927,0.122899,0.196262,0.310041,0.82504,-0.983196,-0.17995,-0.208532,-0.241279,-0.2444,-0.242101,-0.889845,-0.242503,-0.035423,0.06975,0.393647,0.332069,0.274685,0.280081,0.206989,0.606353,0.076138,0.042824,0.118962,0.739031,1.0,0.260969,0.8435,18.153,66.694,10.5063,6.0883,20.1069,5.4728,59.9509,-34.3712,-1.077,1.729,1.729,0.24,0.2567,0.0,0.001135,0.0,0.0,0.315644,0.0,0.236258,0.174602,0.0,0.315644,0.287019,1.140604,4.312447,0.013225,0.191012,0.204237,0.0,0.0,0.795763,0.5181,-2.2274,0.4845,0.8174,-3.5143,0.7645,4.6144,0.0,0.0,0.0,0.0,0.0,0.0,0.0,1.4706,1.1827,-0.078874,0.133342,0.122059,7598715757.3,0.203001,0.280081,24050540000.0,0.32,24206844000.0,0.32,23951468000.0,0.0
0,AAPL,Apple Inc,2014-06-29,2014-06-29,2014-09-27,2014,Q4,0.124119,8240416230.8,0.195627,-8397000000.0,-24.9567,-2145000000.0,10385416230.8,-226583769.2,-119944000000.0,11472000000.0,1969000000.0,13441000000.0,3826000000.0,-13686000000.0,11391000000.0,5083000000.0,35295000000.0,28987000000.0,-119944000000.0,146842000000.0,18.6288,17.1662,550564062184.2,430620062184.2,4.9357,5.3563,3.0119,13.9348,0.020142,0.071763,0.0,2.3558,7.01,8.0515,11.1025,7.2115,10.5206,0.127033,0.131026,0.109326,0.12713,0.198276,0.337303,-0.023864,-0.34309,0.125321,0.081335,0.094239,0.084449,0.092798,0.085938,0.292053,-0.247473,0.328777,0.380054,0.319089,0.265057,0.272345,0.201007,0.619946,0.074971,0.040026,0.114997,0.738058,1.0,0.261942,0.8331,11.9622,57.9396,9.8221,4.2714,30.5127,6.2997,85.4527,-48.6403,-1.0623,1.8666,1.8666,0.2599,0.3164,0.0,0.001815,0.0,0.0,0.336118,0.0,0.226887,0.167455,0.0,0.336118,0.2816,1.420552,3.463147,0.042958,0.197403,0.24036,0.0,0.0,0.75964,0.5746,-1.9526,0.4719,0.91,-3.0925,0.7474,4.2505,0.0,0.0,0.0,0.0,0.0,0.0,0.0,1.0801,0.8242,-0.074871,0.062316,0.027807,8240416230.8,0.195627,0.272345,24342288000.0,0.35,24490652000.0,0.35,24351200000.0,0.35
0,AAPL,Apple Inc,2014-09-28,2014-09-28,2014-12-27,2015,Q1,0.295256,17898505242.5,0.23993,-18224000000.0,-13.1357,-6027000000.0,23925505242.5,-125494757.5,-141552000000.0,24416000000.0,2575000000.0,26991000000.0,3217000000.0,-18772000000.0,13691000000.0,9792000000.0,36403000000.0,32504000000.0,-141552000000.0,159731000000.0,21.0284,19.494,601005976568.6,459453976568.6,4.8732,5.2568,3.008,13.5173,0.018062,0.073979,0.0,2.2996,6.7008,7.6334,10.4912,6.4927,9.2221,0.359543,0.378734,0.388513,0.378825,0.478261,0.487517,0.561573,-0.494138,0.77098,1.00811,1.128312,1.172039,1.128735,1.201439,1.545057,1.30376,-1.170299,0.398678,0.361815,0.325018,0.327297,0.241612,0.601322,0.048258,0.025402,0.073661,0.738204,1.0,0.261796,0.8204,12.9283,55.1047,11.1371,3.5914,28.2327,6.6238,101.633,-66.7765,-1.1202,1.9251,1.9251,0.2636,0.2952,0.0,0.000886,0.0,0.0,0.351462,0.0,0.268515,0.198219,0.0,0.351462,0.250956,1.263079,10.482437,0.02441,0.203492,0.227902,0.0,0.0,0.772098,0.5309,-2.0644,0.474,0.8312,-3.2322,0.7422,4.2373,0.0,0.0,0.0,0.0,0.0,0.0,0.0,1.133,0.8482,-0.093954,0.068524,0.049009,17898505242.5,0.23993,0.327297,23372328000.0,0.77,23527212000.0,0.77,23298992000.0,0.0
0,AAPL,Apple Inc,2014-12-28,2014-12-28,2015-03-28,2015,Q2,0.270867,13359953781.5,0.230304,0.0,0.0,13448000000.0,-88046218.5,-209046218.5,0.0,18564000000.0,2479000000.0,21043000000.0,2369000000.0,0.0,0.0,0.0,0.0,0.0,0.0,0.0,0.0,0.0,647186415674.8,0.0,0.0,0.0,3.0504,13.5372,0.01695,0.073871,0.0,0.0,0.0,0.0,0.0,0.0,0.0,0.339892,0.343465,0.328484,0.327301,-0.799484,0.40944,-1.006154,0.0,-0.222376,-0.22037,-0.239679,-0.253572,-0.24717,-0.238562,-0.434168,-1.00368,1.0,0.407792,0.362748,0.315084,0.320014,0.233908,0.592208,0.059645,0.033063,0.092708,0.730931,1.0,0.269069,0.0,0.0,0.0,0.0,0.0,0.0,0.0,0.0,0.0,0.0,0.0,0.0,0.0,0.0,0.0,0.0,0.0,0.0,0.0,0.0,0.0,0.0,0.0,0.0,0.235107,0.946285,8.054453,0.0,0.0,0.0,0.0,0.0,0.0,0.0,0.0,0.0,0.0,0.0,0.0,0.0,0.0,0.0,0.0,0.0,0.0,0.0,0.0,0.0,0.0,0.0,0.0,0.0,13359953781.5,0.230304,0.320014,0.0,0.0,0.0,0.0,0.0,0.0
0,AAPL,Apple Inc,2015-03-29,2015-03-29,2015-06-27,2015,Q3,0.325203,10389289781.0,0.20944,-22753000000.0,-12.7236,-10243000000.0,20632289781.0,-287710219.0,-148430000000.0,14473000000.0,3084000000.0,17557000000.0,2043000000.0,-22036000000.0,12667000000.0,5668000000.0,54418000000.0,47419000000.0,-148430000000.0,180095000000.0,21.9336,20.3938,661270935784.6,512840935784.6,5.2617,5.6589,2.9477,13.0333,0.016849,0.076726,0.0,2.286,6.489,7.4406,10.2798,6.3282,8.5287,0.41247,0.380485,0.367243,0.378033,0.445313,0.461531,0.495016,-0.818785,-0.144889,-0.165661,-0.220373,-0.222356,-0.213133,-0.206009,-0.214507,235.334763,0.0,0.396754,0.353936,0.283903,0.291765,0.21524,0.603246,0.071848,0.041004,0.112852,0.737719,1.0,0.262281,0.9052,21.2059,74.3949,11.5835,5.7542,17.2122,4.9062,63.4317,-41.3133,-1.143,2.0099,2.0099,0.3773,0.433,0.0,0.002041,0.0,0.0,0.411464,0.0,0.264101,0.194832,0.0,0.411464,0.225201,0.99387,7.33627,0.038863,0.2633,0.302163,0.0,0.0,0.697837,0.6886,-1.8781,0.6,1.0908,-2.9752,0.9505,4.215,0.0,0.0,0.0,0.0,0.0,0.0,0.0,1.0868,0.8365,-0.098227,0.056464,0.025266,10389289781.0,0.20944,0.291765,22919544000.0,0.47,23092396000.0,0.46,22810888000.0,0.0
0,AAPL,Apple Inc,2015-06-28,2015-06-28,2015-09-26,2015,Q4,0.222634,10799777718.8,0.2097,-21983000000.0,-15.3861,-13586000000.0,24385777718.8,-324222281.2,-141338000000.0,15062000000.0,3119000000.0,18181000000.0,3618000000.0,-21834000000.0,19767000000.0,8768000000.0,64328000000.0,53329000000.0,-141338000000.0,183683000000.0,20.9295,19.3497,603245130541.4,461907130541.4,5.0542,5.4669,2.5811,11.298,0.019014,0.088511,0.0,1.9764,5.5139,6.3698,8.807,5.6839,6.995,0.352652,0.312936,0.310586,0.313807,0.388489,0.016981,1.348079,-1.617959,0.038222,0.035541,0.040696,0.039511,0.041866,0.043243,-0.100947,0.181923,0.033842,0.398983,0.353022,0.283936,0.29246,0.215996,0.601017,0.07194,0.043106,0.115046,0.738547,1.0,0.261453,0.8951,13.6241,62.8202,10.8465,4.2654,26.7907,5.8102,85.572,-52.971,-1.1316,2.2615,2.2615,0.4468,0.539,0.0,0.002482,0.0,0.0,0.462482,0.0,0.261794,0.193347,0.0,0.462482,0.216522,0.876765,3.724433,0.05988,0.290332,0.350212,0.0,0.0,0.649788,0.7679,-1.6872,0.6366,1.2265,-2.6948,1.0168,3.5741,0.0,0.0,0.0,0.0,0.0,0.0,0.0,1.1088,0.8925,-0.093421,0.084577,0.037516,10799777718.8,0.2097,0.29246,23013684000.0,0.48,23172276000.0,0.48,23014800000.0,0.48
0,AAPL,Apple Inc,2015-09-27,2015-09-27,2015-12-26,2016,Q1,0.017065,18060624710.0,0.238041,-24509000000.0,-10.998,-6285000000.0,24345624710.0,-300375290.0,-152776000000.0,24573000000.0,2954000000.0,27527000000.0,3612000000.0,-28188000000.0,9886000000.0,127000000.0,62963000000.0,53204000000.0,-152776000000.0,191230000000.0,23.0062,21.3693,550954315353.1,398178315353.1,4.2954,4.6244,2.3446,10.2539,0.020612,0.097524,0.0,1.6945,4.7229,5.4791,7.5686,5.3085,6.7609,0.019858,0.00643,0.009058,0.018697,0.071895,-0.185606,0.017559,-0.344875,0.473214,0.514053,0.631457,0.672314,0.650575,0.699482,1.038071,-0.001647,-0.114907,0.400978,0.362808,0.318576,0.323874,0.242,0.599022,0.050717,0.031685,0.082402,0.747202,1.0,0.252798,0.8465,15.8444,59.4339,11.0085,3.9454,23.0366,6.1413,92.5122,-63.3344,-1.1698,2.2066,2.2066,0.4148,0.4909,0.0,0.002041,0.0,0.0,0.427123,0.0,0.27417,0.204861,0.0,0.427123,0.218291,0.908507,7.603267,0.051033,0.27822,0.329253,0.0,0.0,0.670747,0.7468,-1.8121,0.6311,1.1968,-2.904,1.0113,3.566,0.0,0.0,0.0,0.0,0.0,0.0,0.0,1.0017,0.8239,-0.119955,0.04207,0.00054,18060624710.0,0.238041,0.323874,22235720000.0,0.83,22376508000.0,0.82,22178332000.0,0.0
0,AAPL,Apple Inc,2015-12-27,2015-12-27,2016-03-26,2016,Q2,-0.128478,10400741903.5,0.205723,-22599000000.0,-20.1367,-22599000000.0,32999741903.5,-115258096.5,-153056000000.0,14142000000.0,2477000000.0,16619000000.0,2336000000.0,-25458000000.0,29825000000.0,19327000000.0,79872000000.0,69374000000.0,-153056000000.0,210329000000.0,23.5287,21.8889,536685725724.1,383629725724.1,4.1139,4.4221,2.3587,10.5901,0.021474,0.094428,0.0,1.686,4.8023,5.6209,7.7269,5.6811,5.3099,-0.210236,-0.238203,-0.221499,-0.224998,-0.184549,-0.392013,375.800218,0.0,-0.333654,-0.396265,-0.42449,-0.424121,-0.427264,-0.420732,-0.577577,0.355469,0.077931,0.394031,0.328718,0.276658,0.279724,0.208003,0.605969,0.067706,0.049667,0.117372,0.743601,1.0,0.256399,0.7453,18.6062,60.0447,9.8063,5.4571,19.6171,6.0788,66.8855,-41.1895,-1.1732,2.3401,2.3401,0.5318,0.6122,0.0,0.001506,0.0,0.0,0.388465,0.0,0.208489,0.155033,0.0,0.388465,0.234579,0.960397,4.966182,0.049912,0.329836,0.379748,0.0,0.0,0.620252,0.9998,-1.916,0.8684,1.6087,-3.0828,1.3973,3.284,0.0,0.0,0.0,0.0,0.0,0.0,0.0,1.2831,1.1002,-0.111886,0.131079,0.084941,10400741903.5,0.205723,0.279724,22057524000.0,0.48,22163544000.0,0.48,21909700000.0,0.0
0,AAPL,Apple Inc,2016-03-27,2016-03-27,2016-06-25,2016,Q3,-0.146094,7524938389.5,0.177651,-20044000000.0,-10.2946,2709000000.0,4815938389.5,-271061610.5,-146585000000.0,10469000000.0,2526000000.0,12995000000.0,2809000000.0,-23485000000.0,38271000000.0,22275000000.0,84935000000.0,68939000000.0,-146585000000.0,211476000000.0,23.1023,21.5017,471389851182.2,324804851182.2,3.7252,4.0025,2.1399,9.8623,0.024729,0.101396,0.0,1.4745,4.3122,5.0556,6.9425,5.1415,7.3692,-0.259839,-0.276653,-0.275702,-0.269832,-0.232432,-0.290499,-0.766582,0.119061,-0.162173,-0.218064,-0.259723,-0.2765,-0.258653,-0.252632,-0.083355,-0.854061,0.113058,0.380235,0.30679,0.238562,0.247155,0.18405,0.619765,0.081236,0.060437,0.141673,0.744675,1.0,0.255325,0.7613,19.95,68.8304,9.455,5.0496,18.2957,5.3029,72.2825,-48.6839,-1.1697,2.2947,2.2947,0.5448,0.6712,0.0,0.001838,0.0,0.0,0.379013,0.0,0.188147,0.140108,0.0,0.379013,0.251522,1.024562,3.785689,0.07564,0.32599,0.401629,0.0,0.0,0.598371,1.1276,-1.9461,0.9153,1.8154,-3.1331,1.4735,2.9432,0.0,0.0,0.0,0.0,0.0,0.0,0.0,1.3116,1.1303,-0.10661,0.173732,0.101118,7524938389.5,0.177651,0.247155,21772232000.0,0.36,21891124000.0,0.36,21553772000.0,0.0
0,AAPL,Apple Inc,2016-06-26,2016-06-26,2016-09-24,2016,Q4,-0.09027,8698199376.4,0.185653,-22304000000.0,-9.7383,-321000000.0,9019199376.4,-315800623.6,-150553000000.0,12188000000.0,2548000000.0,14736000000.0,3977000000.0,-27687000000.0,39468000000.0,27863000000.0,87032000000.0,75427000000.0,-150553000000.0,215281000000.0,23.8008,22.201,574802871580.9,424249871580.9,4.4819,4.8049,2.6656,12.5813,0.02086,0.079483,0.0,1.9674,5.9024,6.9128,9.4946,6.4056,9.4268,-0.189484,-0.190811,-0.194595,-0.18968,-0.11399,0.226939,-0.630145,-0.014602,0.106096,0.133975,0.164199,0.155916,0.156234,0.204225,0.55473,0.872781,-0.112752,0.380197,0.314522,0.251025,0.260138,0.192393,0.619803,0.074319,0.054854,0.129173,0.73958,1.0,0.26042,0.7047,13.2282,58.6369,8.716,3.61,27.5926,6.2247,101.1074,-67.29,-1.1789,2.4718,2.4718,0.5881,0.6786,0.0,0.002164,0.0,0.0,0.369033,0.0,0.183311,0.135573,0.0,0.369033,0.26594,0.916497,4.157154,0.053906,0.350365,0.404272,0.0,0.0,0.595728,1.2108,-2.0946,1.0494,1.9477,-3.3693,1.688,3.1016,0.0,0.0,0.0,0.0,0.0,0.0,0.0,1.3527,1.2208,-0.128395,0.183028,0.129211,8698199376.4,0.185653,0.260138,21883280000.0,0.43,22001124000.0,0.43,21886000000.0,0.0
0,AAPL,Apple Inc,2016-09-25,2016-09-25,2016-12-31,2017,Q1,0.032673,17283534698.1,0.220591,-26151000000.0,-8.6111,-1642000000.0,18925534698.1,-607465301.9,-158541000000.0,24180000000.0,2987000000.0,27167000000.0,3334000000.0,-27258000000.0,33194000000.0,19202000000.0,87549000000.0,73557000000.0,-158541000000.0,219939000000.0,24.8279,23.2768,575099547224.0,416558547224.0,4.344,4.6335,2.6366,12.7187,0.02066,0.078625,0.0,1.9098,5.8246,6.8312,9.4873,6.3113,9.1453,-0.013078,-0.015993,-0.043027,-0.025598,0.02439,-0.008338,-0.222631,-0.066996,0.672309,0.84358,0.983919,0.987024,0.984801,0.964912,0.647251,1.098361,-0.17248,0.385139,0.346735,0.298133,0.308611,0.228344,0.614861,0.050363,0.036643,0.087006,0.739909,1.0,0.260091,0.6986,16.1509,51.9473,8.9374,3.7343,22.5993,7.0263,97.7429,-68.1172,-1.1944,2.3956,2.3956,0.5556,0.6613,0.0,0.003903,0.0,0.0,0.346946,0.0,0.215602,0.159526,0.0,0.346946,0.272265,1.017781,8.168566,0.063618,0.334443,0.39806,0.0,0.0,0.60194,1.2242,-2.2168,1.0285,1.994,-3.6109,1.6753,3.1282,0.0,0.0,0.0,0.0,0.0,0.0,0.0,1.2282,1.0511,-0.124969,0.152184,0.088035,17283534698.1,0.220591,0.308611,21194644000.0,0.85,21311980000.0,0.84,20986160000.0,0.0
0,AAPL,Apple Inc,2017-01-01,2017-01-01,2017-04-01,2017,Q2,0.046265,10588110392.3,0.200168,-24237000000.0,-9.414,-1638000000.0,12226110392.3,-440889607.7,-158319000000.0,14684000000.0,2332000000.0,17016000000.0,2975000000.0,-24462000000.0,42639000000.0,28648000000.0,98522000000.0,84531000000.0,-158319000000.0,232604000000.0,25.5563,24.0143,707514693544.0,549195693544.0,5.2767,5.6156,3.2093,15.4716,0.016956,0.064635,0.0,2.4912,7.6368,8.927,12.4547,8.2005,12.0086,0.023888,0.038326,0.018015,0.048783,0.105263,0.083527,-0.629509,-0.072481,-0.324884,-0.373652,-0.392721,-0.387387,-0.383545,-0.375,-0.538445,-0.353989,0.07319,0.389273,0.321688,0.266504,0.277601,0.208503,0.610727,0.070289,0.05248,0.122769,0.75109,1.0,0.24891,0.6891,18.5196,52.3102,8.7542,5.0594,19.7089,6.9776,72.1432,-45.4567,-1.177,2.4186,2.4186,0.6304,0.7348,0.0,0.002832,0.0,0.0,0.345734,0.0,0.191304,0.143687,0.0,0.345734,0.271441,1.019396,4.22521,0.060149,0.363412,0.423561,0.0,0.0,0.576439,1.37,-2.2015,1.1754,2.2343,-3.5904,1.917,3.4468,0.0,0.0,0.0,0.0,0.0,0.0,0.0,1.3906,1.1959,-0.11096,0.193412,0.129948,10588110392.3,0.200168,0.277601,20903164000.0,0.53,21046752000.0,0.53,20855360000.0,0.0
0,AAPL,Apple Inc,2017-04-02,2017-04-02,2017-07-01,2017,Q3,0.072005,8300730102.6,0.182803,-20752000000.0,-10.9573,-708000000.0,9008730102.6,-416269897.4,-153177000000.0,11308000000.0,2354000000.0,13662000000.0,2277000000.0,-26711000000.0,50048000000.0,31573000000.0,108339000000.0,89864000000.0,-153177000000.0,240764000000.0,25.3987,23.8442,708399715834.4,555222715834.4,5.3494,5.6982,3.1695,15.1851,0.017287,0.065854,0.0,2.4841,7.6497,8.9035,12.3728,8.5407,12.1807,0.051327,0.080141,0.103096,0.118138,0.176056,-0.184503,0.870607,-0.035322,-0.141561,-0.197109,-0.22991,-0.216033,-0.209629,-0.204762,-0.310103,-0.263156,0.143788,0.38513,0.300872,0.237139,0.249031,0.191971,0.61487,0.083311,0.06468,0.147992,0.77087,1.0,0.22913,0.6869,18.5383,55.2297,8.167,4.7203,19.689,6.6088,77.3254,-51.0276,-1.1575,2.513,2.513,0.6786,0.8181,0.0,0.002777,0.0,0.0,0.360287,0.0,0.171058,0.131864,0.0,0.360287,0.269898,0.937215,3.80852,0.076735,0.373245,0.44998,0.0,0.0,0.55002,1.4927,-2.1104,1.2381,2.4143,-3.4135,2.0026,3.2629,0.0,0.0,0.0,0.0,0.0,0.0,0.0,1.3883,1.2225,-0.119509,0.223921,0.141262,8300730102.6,0.182803,0.249031,20780352000.0,0.42,20933996000.0,0.42,20660912000.0,0.0
0,AAPL,Apple Inc,2017-07-02,2017-07-02,2017-09-30,2017,Q4,0.122236,10100429690.3,0.1921,-19168000000.0,-11.0549,3136000000.0,6964429690.299999,-613570309.7,-153215000000.0,13917000000.0,2484000000.0,16401000000.0,3865000000.0,-27877000000.0,46304000000.0,27831000000.0,115680000000.0,97207000000.0,-153215000000.0,249727000000.0,25.9518,25.9518,763701749621.6,610486749621.6,5.6973,5.6973,3.3315,15.795,0.016504,0.063311,0.0,2.6632,8.2225,9.5256,13.1911,9.5054,14.15,0.112989,0.141861,0.161209,0.188596,0.19883,-0.04742,-0.227822,0.140603,0.157924,0.200483,0.230722,0.216812,0.229093,0.227545,0.816075,-0.226924,0.07633,0.379068,0.311931,0.249529,0.264687,0.20377,0.620932,0.072538,0.057,0.129538,0.76985,1.0,0.23015,0.6578,13.6335,40.3744,7.5415,3.4598,26.7723,9.0404,105.4983,-69.6856,-1.1581,2.6573,2.6573,0.7252,0.863,0.0,0.00404,0.0,0.0,0.368675,0.0,0.174103,0.134033,0.0,0.368675,0.26409,0.944531,4.074774,0.073973,0.389253,0.463226,0.0,0.0,0.536774,1.5581,-2.0636,1.3093,2.4996,-3.3106,2.1004,3.0881,0.0,0.0,0.0,0.0,0.0,0.0,0.0,1.2761,1.0897,-0.121609,0.201994,0.121409,10100429690.3,0.1921,0.264687,20868968000.0,0.51,21006768000.0,0.51,20863600000.0,0.51
0,AAPL,Apple Inc,2017-10-01,2017-10-01,2017-12-30,2018,Q1,0.126891,19503803551.6,0.220899,-22498000000.0,-9.8327,3653000000.0,15850803551.599998,-561196448.4,-162697000000.0,27030000000.0,2745000000.0,29775000000.0,2810000000.0,-30653000000.0,46500000000.0,28022000000.0,122400000000.0,103922000000.0,-162697000000.0,262599000000.0,27.3063,25.7407,826541616816.0,663844616816.0,5.8955,6.2541,3.4558,16.3591,0.015351,0.061128,0.0,2.7755,8.6377,9.9172,13.6869,10.1686,14.8017,0.095999,0.117866,0.128462,0.121514,0.157738,0.038885,-0.162465,0.139689,0.679245,0.815438,0.942229,0.930988,0.872783,0.897561,0.796495,1.275966,-0.173727,0.384085,0.337229,0.297577,0.30614,0.227255,0.615915,0.04792,0.038587,0.086507,0.742323,1.0,0.257677,0.6482,12.7571,41.2881,7.9475,2.9017,28.6116,8.8403,125.7883,-88.3365,-1.1785,2.7071,2.7071,0.7412,0.873,0.0,0.003494,0.0,0.0,0.370705,0.0,0.198449,0.147313,0.0,0.370705,0.256863,0.893063,10.068683,0.070366,0.395744,0.46611,0.0,0.0,0.53389,1.5926,-2.117,1.3522,2.5236,-3.3544,2.1426,3.1101,0.0,0.0,0.0,0.0,0.0,0.0,0.0,1.242,1.1059,-0.128161,0.194418,0.117161,19503803551.6,0.220899,0.30614,20451508000.0,0.98,20631148000.0,0.97,20296052000.0,0.0
0,AAPL,Apple Inc,2017-12-31,2017-12-31,2018-03-31,2018,Q2,0.155796,13587757793.2,0.222251,-18508000000.0,-11.5764,5729000000.0,7858757793.200001,-234242206.8,-145386000000.0,16168000000.0,2739000000.0,18907000000.0,4195000000.0,-26729000000.0,61211000000.0,40733000000.0,121840000000.0,101362000000.0,-145386000000.0,248718000000.0,25.0055,25.0055,808555972269.6,663169972269.6,6.3727,6.3727,3.268,15.1648,0.015797,0.065942,0.0,2.6804,8.4217,9.6922,12.8837,9.7749,14.4972,0.111131,0.101062,0.283303,0.253241,0.3,0.20366,-0.357215,0.236374,-0.307567,-0.365004,-0.40185,-0.303328,-0.311139,-0.298201,-0.465239,-0.504204,0.177349,0.383107,0.309256,0.259974,0.264455,0.226082,0.616893,0.06788,0.055253,0.123133,0.854899,1.0,0.145101,0.7049,19.1033,28.8808,7.9504,4.8554,19.1066,12.6381,75.1738,-43.429,-1.1638,2.6902,2.6902,0.7989,0.9603,0.0,0.001543,0.0,0.0,0.40863,0.0,0.186403,0.159356,0.0,0.40863,0.246896,1.14226,3.606675,0.082334,0.407538,0.489872,0.0,0.0,0.510128,1.5473,-1.8463,1.2872,2.367,-2.8245,1.9692,3.3177,0.0,0.0,0.0,0.0,0.0,0.0,0.0,1.456,1.2354,-0.108032,0.2474,0.164633,13587757793.2,0.222251,0.264455,20099508000.0,0.69,20273972000.0,0.68,19660552000.0,0.0
0,AAPL,Apple Inc,2018-04-01,2018-04-01,2018-06-30,2018,Q3,0.173031,10936286359.5,0.205318,-14194000000.0,-14.6096,6558000000.0,4378286359.5,-582713640.5,-129143000000.0,13284000000.0,2665000000.0,15949000000.0,3267000000.0,-26285000000.0,44685000000.0,27213000000.0,114600000000.0,97128000000.0,-129143000000.0,229549000000.0,23.3867,23.3867,870443308836.3,741300308836.3,7.5724,7.5724,3.4098,15.5104,0.014829,0.064473,0.0,2.9039,9.1482,10.53,13.6954,10.0638,15.5834,0.167399,0.174744,0.317509,0.321441,0.401198,0.670664,-0.513995,0.316018,-0.12876,-0.15645,-0.178377,-0.195137,-0.166618,-0.142857,-0.042432,-0.442878,0.233088,0.383385,0.299427,0.236778,0.249395,0.216258,0.616615,0.077124,0.069483,0.146607,0.867133,1.0,0.132867,0.7353,19.2638,34.7034,7.5746,4.4767,18.9475,10.5177,81.5337,-52.0685,-1.1413,2.807,2.807,0.845,0.997,0.0,0.004128,0.0,0.0,0.453726,0.0,0.183372,0.159008,0.0,0.453726,0.239701,1.334301,4.43465,0.076114,0.423125,0.49924,0.0,0.0,0.50076,1.4143,-1.5937,1.1986,2.1172,-2.3859,1.7944,3.4981,0.0,0.0,0.0,0.0,0.0,0.0,0.0,1.3073,1.0993,-0.102968,0.175047,0.106603,10936286359.5,0.205318,0.249395,19528668000.0,0.59,19706436000.0,0.59,19319704000.0,0.0
0,AAPL,Apple Inc,2018-07-01,2018-07-01,2018-09-29,2018,Q4,0.196295,13864365751.2,0.220419,-15470000000.0,-15.3355,3698000000.0,10166365751.2,-260634248.8,-122617000000.0,16421000000.0,2754000000.0,19175000000.0,3041000000.0,-30107000000.0,36194000000.0,15410000000.0,114519000000.0,93735000000.0,-122581000000.0,221666000000.0,22.184,22.184,1081112599954.8,958531599954.8,10.09,10.09,4.0705,18.1605,0.01258,0.055065,0.0,3.609,11.4375,13.148,16.5567,12.3787,17.6865,0.169136,0.179924,0.372651,0.318368,0.318368,0.239634,0.459756,0.192926,0.180888,0.20227,0.236149,0.26774,0.226235,0.226235,0.347529,1.321997,-0.089897,0.382893,0.304849,0.256248,0.261065,0.224563,0.617107,0.067027,0.059618,0.126645,0.860179,1.0,0.139821,0.7168,12.9369,37.1708,7.0743,3.2709,28.2138,9.8195,111.5912,-73.5578,-1.1436,3.0724,3.0724,0.8748,1.0688,0.0,0.00189,0.0,0.0,0.493636,0.0,0.187135,0.16097,0.0,0.493636,0.230334,1.452185,6.419928,0.093763,0.422866,0.516629,0.0,0.0,0.483371,1.3665,-1.4627,1.1185,1.9781,-2.1173,1.6191,3.703,0.0,0.0,0.0,0.0,0.0,0.0,0.0,1.1329,0.9945,-0.113357,0.136275,0.058021,13864365751.2,0.220419,0.261065,79286040000.0,0.18,80001740000.0,0.18,19827200000.0,0.18
0,AAPL,Apple Inc,2018-09-30,2018-09-30,2018-12-29,2019,Q1,-0.045111,19497318246.5,0.231257,-12413000000.0,-14.9874,10085000000.0,9412318246.5,-467681753.5,-130305000000.0,23906000000.0,3395000000.0,27301000000.0,3355000000.0,-32141000000.0,54286000000.0,32545000000.0,114730000000.0,92989000000.0,-130305000000.0,232622000000.0,24.8434,24.8434,716761113114.3,586456113114.3,6.0798,6.0798,2.7398,12.0604,0.01878,0.082916,0.0,2.2417,7.2106,8.4045,10.1305,7.7337,12.2676,-0.08309,-0.115575,-0.000333,-0.004984,0.07455,-0.056657,-0.406193,0.448262,0.340382,0.423781,0.455819,0.40629,0.413451,4.887324,0.367105,-0.074171,0.197608,0.379919,0.323817,0.276907,0.283549,0.236805,0.620081,0.056731,0.046282,0.103013,0.835146,1.0,0.164854,0.6704,12.6026,34.3616,7.1405,3.0137,28.9622,10.6223,121.112,-81.5275,-1.1353,3.0242,3.0242,0.7888,0.9732,0.0,0.003192,0.0,0.0,0.460543,0.0,0.19008,0.158744,0.0,0.460543,0.234575,1.436624,7.955291,0.093461,0.399743,0.493204,0.0,0.0,0.506796,1.4106,-1.6021,1.1433,1.9819,-2.2509,1.6063,2.9983,0.0,0.0,0.0,0.0,0.0,0.0,0.0,1.3006,1.1397,-0.122858,0.207506,0.124402,19497318246.5,0.231257,0.283549,18943280000.0,1.06,19093008000.0,1.05,18861120000.0,0.0
0,AAPL,Apple Inc,2018-12-30,2018-12-30,2019-03-30,2019,Q2,-0.051066,11244168418.8,0.193815,-6921000000.0,-20.3303,11587000000.0,-342831581.20000076,-316831581.2,-112781000000.0,13793000000.0,3040000000.0,16833000000.0,2363000000.0,-28113000000.0,51979000000.0,29574000000.0,112606000000.0,90201000000.0,-112805000000.0,218466000000.0,22.4504,22.4504,861888550124.5,749083550124.5,8.1418,8.1418,3.3343,15.0759,0.015925,0.066331,0.0,2.8979,9.4512,11.1133,13.4855,10.4248,17.0399,-0.109695,-0.146895,-0.172478,-0.16358,-0.098901,-0.262723,-1.043624,0.626054,-0.311885,-0.383429,-0.423032,-0.423297,-0.420937,-0.411483,-0.582053,-1.036424,0.442439,0.376127,0.290149,0.231233,0.237749,0.199276,0.623873,0.076842,0.068051,0.144894,0.838179,1.0,0.161821,0.7287,17.579,25.5273,7.003,4.9459,20.7634,14.2984,73.7987,-38.7368,-1.1093,3.0485,3.0485,0.8521,1.0637,0.0,0.002454,0.0,0.0,0.491282,0.0,0.173237,0.145203,0.0,0.491282,0.248277,1.514413,4.720694,0.102556,0.412883,0.515439,0.0,0.0,0.484561,1.4208,-1.4233,1.1381,2.0272,-2.0308,1.6239,3.4469,0.0,0.0,0.0,0.0,0.0,0.0,0.0,1.3154,1.1343,-0.108759,0.201087,0.114411,11244168418.8,0.193815,0.237749,18696284000.0,0.62,18802584000.0,0.62,18404300000.0,0.0
0,AAPL,Apple Inc,2019-03-31,2019-03-31,2019-06-29,2019,Q3,0.010213,9734525732.5,0.180909,-5736000000.0,-25.9944,8458000000.0,1276525732.5,-309474267.5,-102192000000.0,11911000000.0,2933000000.0,14844000000.0,2000000000.0,-25816000000.0,68798000000.0,45269000000.0,108465000000.0,84936000000.0,-102145000000.0,204921000000.0,20.9638,20.9638,882472721904.2,780327721904.2,9.149,9.149,3.4068,15.8447,0.015434,0.063112,0.0,3.0125,9.9846,11.8176,14.3604,11.3084,17.0078,-0.069283,-0.103357,-0.109887,-0.128049,-0.068376,-0.196853,-0.708442,0.595886,-0.072498,-0.118161,-0.136446,-0.13426,-0.131217,-0.113821,0.04312,4.723478,0.171218,0.375904,0.275865,0.214537,0.221357,0.18666,0.624096,0.082254,0.079113,0.161367,0.843254,1.0,0.156746,0.7716,18.3374,34.6294,6.8389,4.7592,19.9047,10.5402,76.6933,-46.2485,-1.0943,3.1761,3.1761,0.8806,1.1245,0.0,0.002676,0.0,0.0,0.526903,0.0,0.170795,0.144024,0.0,0.526903,0.254421,1.485358,5.818,0.11482,0.414482,0.529302,0.0,0.0,0.470698,1.3879,-1.307,1.0868,1.9961,-1.8798,1.5631,3.6729,0.0,0.0,0.0,0.0,0.0,0.0,0.0,1.5046,1.3499,-0.099663,0.265594,0.174761,9734525732.5,0.180909,0.221357,18282532000.0,0.55,18405520000.0,0.55,18076720000.0,0.0
0,AAPL,Apple Inc,2019-06-30,2019-06-30,2019-09-28,2019,Q4,0.018124,13259983257.9,0.207058,-7363000000.0,-22.7893,8107000000.0,5152983257.9,-426016742.1,-97851000000.0,16127000000.0,3179000000.0,19306000000.0,2777000000.0,-27216000000.0,73341000000.0,57101000000.0,108047000000.0,91807000000.0,-97851000000.0,198535000000.0,20.0231,20.0231,989484230031.9,891633230031.9,10.935,10.935,3.8032,17.9073,0.014095,0.055843,0.0,3.4271,11.3897,13.5636,16.5925,12.8494,19.5405,0.006832,-0.017904,-0.043593,-0.03108,-0.03108,0.019823,-0.493134,0.524047,0.190135,0.300593,0.353959,0.36216,0.362605,0.362605,0.711069,3.036725,-0.283647,0.379653,0.301468,0.243988,0.251827,0.21371,0.620347,0.071487,0.064179,0.135665,0.848639,1.0,0.151361,0.7389,11.2844,40.1345,6.6133,3.1683,32.3454,9.0944,115.2021,-73.7623,-1.1155,3.5633,3.5633,1.0146,1.194,0.0,0.003865,0.0,0.0,0.559172,0.0,0.186069,0.157906,0.0,0.559172,0.25552,1.466194,7.169607,0.081799,0.462422,0.544221,0.0,0.0,0.455779,1.3802,-1.2499,1.1727,2.0107,-1.8209,1.7084,3.7117,0.0,0.0,0.0,0.0,0.0,0.0,0.0,1.5401,1.3844,-0.104607,0.281892,0.219472,13259983257.9,0.207058,0.251827,73885344000.0,0.19,74382604000.0,0.19,17773060000.0,0.19
0,AAPL,Apple Inc,2019-09-29,2019-09-29,2019-12-28,2020,Q1,0.089064,21936580137.4,0.238911,-9238000000.0,-24.7271,3175000000.0,18761580137.4,-299419862.6,-98769000000.0,25918000000.0,2816000000.0,28734000000.0,2107000000.0,-30878000000.0,76284000000.0,61070000000.0,108292000000.0,93078000000.0,-98769000000.0,197823000000.0,20.1498,20.1498,1259447025738.9,1160678025738.9,14.0672,14.0672,4.705,21.8931,0.010752,0.045676,0.0,4.336,14.56,17.132,20.663,15.8526,21.9009,0.052489,0.084163,0.125108,0.113749,0.113749,0.14335,0.993301,0.25578,0.433776,0.488346,0.607118,0.654344,0.624726,0.624726,0.532697,2.640916,-0.254652,0.383548,0.312942,0.278472,0.282273,0.242172,0.616452,0.0566,0.048476,0.105076,0.857937,1.0,0.142063,0.7495,13.7108,36.5669,6.9866,3.7158,26.6213,9.9817,98.2284,-61.6254,-1.1044,3.4439,3.4439,1.0396,1.2095,0.0,0.002614,0.0,0.0,0.554683,0.0,0.211552,0.181498,0.0,0.554683,0.244928,1.614842,14.483151,0.076907,0.470512,0.547419,0.0,0.0,0.452581,1.3585,-1.239,1.1676,1.9279,-1.7583,1.657,4.4425,0.0,0.0,0.0,0.0,0.0,0.0,0.0,1.5978,1.44,-0.115353,0.284979,0.228143,21936580137.4,0.238911,0.282273,17660160000.0,1.26,17818416000.0,1.25,17501920000.0,0.0
0,AAPL,Apple Inc,2019-12-29,2019-12-29,2020-03-28,2020,Q2,0.005137,11007491206.7,0.188766,-4912000000.0,-45.2938,2009000000.0,8998491206.7,-241508793.3,-83337000000.0,13135000000.0,2786000000.0,15921000000.0,1853000000.0,-25971000000.0,68080000000.0,47659000000.0,109507000000.0,89086000000.0,-83337000000.0,187932000000.0,17.9237,17.9237,1067120592024.8,983783592024.8,13.6069,13.6069,3.9821,18.6511,0.012713,0.053616,0.0,3.6711,12.4838,14.6634,17.5877,13.0522,18.2429,-0.054179,-0.047705,-0.021049,-0.026987,-0.026987,0.193277,27.247556,0.290276,-0.364914,-0.445918,-0.493209,-0.498213,-0.494109,-0.494109,-0.563803,-0.520377,0.468283,0.383619,0.273027,0.220414,0.22525,0.192907,0.616381,0.084921,0.078284,0.163205,0.856414,1.0,0.143586,0.8091,17.3974,40.3636,7.1811,5.2766,20.9801,9.0428,69.1734,-39.1504,-1.0642,3.5944,3.5944,1.1359,1.3963,0.0,0.002463,0.0,0.0,0.62094,0.0,0.182255,0.156086,0.0,0.62094,0.245076,1.532832,7.183486,0.108662,0.474033,0.582695,0.0,0.0,0.417305,1.3896,-1.0575,1.1305,1.9577,-1.4899,1.5926,3.9412,0.0,0.0,0.0,0.0,0.0,0.0,0.0,1.496,1.298,-0.096914,0.254048,0.177845,11007491206.7,0.188766,0.22525,17440404000.0,0.65,17618764000.0,0.64,17337340000.0,0.0
0,AAPL,Apple Inc,2020-03-29,2020-03-29,2020-06-27,2020,Q3,0.109201,11213596939.9,0.18788,-8612000000.0,-38.1735,-2876000000.0,14089596939.9,-39403060.1,-80894000000.0,13137000000.0,2752000000.0,15889000000.0,1565000000.0,-29603000000.0,63422000000.0,44747000000.0,112723000000.0,94048000000.0,-80894000000.0,185005000000.0,16.6766,16.6766,1510052700926.2,1429158700926.2,20.8911,20.8911,5.514,25.8464,0.009026,0.03869,0.0,5.2186,17.898,20.9195,24.8914,17.8627,23.7041,0.070399,0.10293,0.151941,0.12037,0.12037,0.398333,10.037456,-0.501395,0.023528,-0.00201,0.000152,0.018724,0.000356,0.000356,0.222372,0.565773,-0.753257,0.379995,0.266214,0.219335,0.220106,0.18854,0.620005,0.080942,0.079719,0.16066,0.856588,1.0,0.143412,0.8564,17.1,46.1686,7.4699,5.2538,21.345,7.9058,69.4737,-40.2229,-1.085,3.7904,3.7904,1.3011,1.5595,0.0,0.00043,0.0,0.0,0.692482,0.0,0.18849,0.161458,0.0,0.692482,0.240466,1.483363,10.396805,0.100943,0.508354,0.609297,0.0,0.0,0.390703,1.4117,-1.0131,1.1778,1.9633,-1.4089,1.638,4.9724,0.0,0.0,0.0,0.0,0.0,0.0,0.0,1.4694,1.3124,-0.108097,0.231588,0.163395,11213596939.9,0.18788,0.220106,17250292000.0,0.65,17419152000.0,0.65,17102536000.0,0.0
0,AAPL,Apple Inc,2020-06-28,2020-06-28,2020-09-26,2020,Q4,0.010275,12565839541.0,0.194223,-14055000000.0,-25.634,-6692000000.0,19257839541.0,-107160459.0,-79394000000.0,14901000000.0,2702000000.0,17603000000.0,1784000000.0,-38853000000.0,52090000000.0,38321000000.0,112436000000.0,98667000000.0,-79394000000.0,177775000000.0,15.2817,15.2817,1933295979316.6,1853901979316.6,29.5887,29.5887,7.0426,33.6747,0.0,0.029696,0.0,6.7534,23.7233,27.6326,32.6829,22.9802,29.234,-0.088211,-0.076022,-0.052349,-0.074017,-0.013514,0.033451,2.737221,-0.908869,0.083991,0.107873,0.134277,0.12059,0.126189,0.123077,0.264581,0.366813,-0.632025,0.381604,0.27208,0.228369,0.230316,0.195879,0.618396,0.076293,0.076942,0.153235,0.85048,1.0,0.14952,0.8288,14.0611,41.523,7.4049,3.8305,25.9581,8.7903,95.2889,-60.5405,-1.1374,4.2509,4.2509,1.5101,1.7208,0.0,0.001209,0.0,0.0,0.736856,0.0,0.190896,0.162354,0.0,0.736856,0.245267,1.505617,11.533632,0.077452,0.555011,0.632462,0.0,0.0,0.367538,1.4388,-1.016,1.2626,1.9822,-1.3997,1.7394,5.6925,0.0,0.0,0.0,0.0,0.0,0.0,0.0,1.3636,1.2182,-0.141533,0.189753,0.139595,12565839541.0,0.194223,0.230316,17352119000.0,0.73,17528214000.0,0.73,17001802000.0,0.73
0,AAPL,Apple Inc,2020-09-27,2020-09-27,2020-12-26,2021,Q1,0.213681,28716464754.8,0.257688,-17304000000.0,-22.1637,-8066000000.0,36782464754.8,-38535245.2,-83528000000.0,33579000000.0,2666000000.0,36245000000.0,3500000000.0,-42465000000.0,34361000000.0,21599000000.0,112043000000.0,99281000000.0,-83528000000.0,178267000000.0,3.8951,3.8951,2222417838692.0,2138889838692.0,33.5591,33.5591,7.5558,34.7633,0.006218,0.028766,0.0,7.2718,24.9701,28.6131,33.6816,24.0538,29.8856,0.261398,0.295586,0.309068,0.293173,0.344,0.270252,0.960521,-0.873133,0.722449,1.059024,1.253473,1.28528,1.268997,1.30137,0.883894,0.91,-0.231163,0.397778,0.325245,0.300918,0.301322,0.258034,0.602222,0.05053,0.04633,0.09686,0.856339,1.0,0.143661,0.8468,12.2375,39.7063,7.8474,3.3053,29.8263,9.1925,110.4286,-71.4098,-1.1704,4.46,4.46,1.4992,1.6919,0.0,0.000423,0.0,0.0,0.820905,0.0,0.255169,0.218511,0.0,0.820905,0.221414,1.416893,11.075143,0.071589,0.556923,0.628512,0.0,0.0,0.371488,1.308,-0.9751,1.159,1.7644,-1.3153,1.5634,5.9063,0.0,0.0,0.0,0.0,0.0,0.0,0.0,1.163,1.0222,-0.144372,0.116821,0.073432,28716464754.8,0.257688,0.301322,16935119000.0,1.7,17113688000.0,1.68,16788096000.0,0.0
0,AAPL,Apple Inc,2020-12-27,2020-12-27,2021-03-27,2021,Q2,0.536261,23201452643.6,0.258991,-13550000000.0,-35.2514,-8638000000.0,31839452643.6,-428547356.4,-82728000000.0,28011000000.0,2797000000.0,30808000000.0,2269000000.0,-41751000000.0,28083000000.0,15080000000.0,121645000000.0,108642000000.0,-82728000000.0,190823000000.0,4.1207,4.1207,2022223567054.5,1939495567054.5,29.2322,29.2322,6.2145,26.4998,0.006865,0.037736,0.0,5.9602,19.2898,21.6394,25.6229,19.4746,22.9984,0.935054,1.132547,1.107788,1.100631,1.1875,0.801593,2.53831,-1.75855,-0.196116,-0.150007,-0.165818,-0.192051,-0.17823,-0.166667,-0.381343,-0.134385,0.216944,0.425065,0.343901,0.307008,0.312679,0.263775,0.574935,0.059319,0.058738,0.118057,0.843597,1.0,0.156403,0.9897,19.0157,45.7454,8.8301,5.3931,19.1947,7.979,67.6788,-40.5052,-1.1251,4.4549,4.4549,1.5705,1.7584,0.0,0.005161,0.0,0.0,1.034003,0.0,0.309471,0.261069,0.0,1.034003,0.186434,1.187614,10.568973,0.068142,0.569334,0.637476,0.0,0.0,0.362524,1.2099,-0.8228,1.0805,1.6071,-1.0929,1.4353,5.8841,0.0,0.0,0.0,0.0,0.0,0.0,0.0,1.1417,0.967,-0.128304,0.086301,0.046342,23201452643.6,0.258991,0.312679,16753476000.0,1.41,16929157000.0,1.4,16687631000.0,0.0
0,AAPL,Apple Inc,2021-03-28,2021-03-28,2021-06-26,2021,Q3,0.364396,21527175674.0,0.264351,-7573000000.0,-42.8984,1039000000.0,20488175674.0,-216824326.0,-71853000000.0,24369000000.0,2832000000.0,27201000000.0,2093000000.0,-38988000000.0,22708000000.0,6669000000.0,121791000000.0,105752000000.0,-71853000000.0,186071000000.0,3.852,3.852,2205159378358.6,2133306378358.6,34.3055,34.3055,6.3521,25.4045,0.006355,0.039363,0.0,6.1451,19.0717,21.1512,24.8034,20.4312,25.1067,0.711939,0.85499,0.919739,0.932285,1.0,0.296417,0.454135,0.120646,-0.090976,-0.11708,-0.13002,-0.072163,-0.079814,-0.071429,-0.120387,-0.356516,0.441107,0.432927,0.334025,0.296264,0.299248,0.267014,0.567073,0.066459,0.070204,0.136663,0.892281,1.0,0.107719,1.0728,19.6371,44.7366,9.3444,5.4085,18.5872,8.1589,67.4863,-40.7401,-1.1185,4.7391,4.7391,1.6452,1.8947,0.0,0.002839,0.0,0.0,1.271247,0.0,0.321039,0.286457,0.0,1.271247,0.165181,1.126103,10.078356,0.086198,0.568342,0.65454,0.0,0.0,0.34546,1.0888,-0.6424,0.9454,1.416,-0.8354,1.2296,6.342,0.0,0.0,0.0,0.0,0.0,0.0,0.0,1.0619,0.8872,-0.112307,0.065412,0.01921,21527175674.0,0.264351,0.299248,16629371000.0,1.31,16781735000.0,1.3,16530166000.0,0.0
0,AAPL,Apple Inc,2021-06-27,2021-06-27,2021-09-25,2021,Q4,0.288448,21026586631.1,0.252238,-2707000000.0,-43.6484,11348000000.0,9678586631.099998,475586631.1,-65797000000.0,23248000000.0,2989000000.0,26237000000.0,3223000000.0,-37671000000.0,24968000000.0,9355000000.0,124719000000.0,109106000000.0,-65797000000.0,187809000000.0,3.8167,3.8167,2449671257188.8,2383874257188.8,38.8282,38.8282,6.6964,25.8732,0.005852,0.03865,0.0,6.5166,19.7847,21.829,25.2378,22.9135,28.6839,0.490485,0.560164,0.673313,0.621637,0.684932,-0.018274,-0.497421,0.8074,0.023651,-0.03544,-0.046001,-0.023254,-0.054866,-0.053846,-0.042382,-0.527601,0.642546,0.421953,0.314743,0.285341,0.278887,0.246533,0.578047,0.06737,0.069242,0.136612,0.88399,1.0,0.11601,1.0841,17.2563,40.0303,9.6007,4.3887,21.1517,9.1181,83.1683,-52.8985,-1.1305,5.255,5.255,1.7294,1.9768,0.0,-0.006551,0.0,0.0,1.474433,0.0,0.302335,0.267261,0.0,1.474433,0.152799,1.060815,6.267453,0.083132,0.580941,0.664074,0.0,0.0,0.335926,1.0351,-0.5461,0.9055,1.3204,-0.6966,1.1551,6.42,0.0,0.0,0.0,0.0,0.0,0.0,0.0,1.0746,0.9097,-0.102978,0.068253,0.025573,21026586631.1,0.252238,0.278887,16701272000.0,1.23,16864919000.0,1.23,16406397000.0,1.23
0,AAPL,Apple Inc,2021-09-26,2021-09-26,2021-12-25,2022,Q1,0.112223,34837405494.5,0.281071,-7866000000.0,-30.0614,9438000000.0,25399405494.5,207405494.5,-79798000000.0,41241000000.0,2697000000.0,43938000000.0,2803000000.0,-42164000000.0,21749000000.0,5580000000.0,122798000000.0,106629000000.0,-79798000000.0,194730000000.0,4.3844,4.3844,2883171317752.1,2803373317752.1,40.0819,40.0819,7.6209,28.6726,0.004956,0.034877,0.0,7.41,21.8699,23.9873,27.8709,24.9764,30.7569,0.21225,0.228178,0.213151,0.204312,0.25,0.211619,-0.30947,0.545423,0.486864,0.674658,0.773959,0.656826,0.685076,0.707317,1.32505,1.624289,-1.9058,0.437638,0.354496,0.334729,0.332736,0.279398,0.562362,0.052031,0.050877,0.102909,0.839698,1.0,0.160302,1.0291,13.2018,39.7404,9.8039,3.1195,27.6478,9.1846,117.0048,-80.1724,-1.1822,5.3218,5.3218,1.4824,1.7071,0.0,-0.00254,0.0,0.0,1.455673,0.0,0.342421,0.287531,0.0,1.455673,0.145055,0.957287,16.755619,0.083033,0.547574,0.630606,0.0,0.0,0.369394,0.958,-0.6225,0.8318,1.2208,-0.7933,1.0601,7.0138,0.0,0.0,0.0,0.0,0.0,0.0,0.0,1.0378,0.8753,-0.11145,0.057488,0.014749,34837405494.5,0.281071,0.332736,16391724000.0,2.11,16519291000.0,2.1,16319441000.0,0.0
0,AAPL,Apple Inc,2021-12-26,2021-12-26,2022-03-26,2022,Q2,0.085886,24877228507.9,0.255733,-5350000000.0,-40.8484,8200000000.0,16677228507.900002,-132771492.1,-72749000000.0,30139000000.0,2737000000.0,32876000000.0,2514000000.0,-44181000000.0,7330000000.0,-9328000000.0,119981000000.0,103323000000.0,-72749000000.0,187380000000.0,4.13,4.13,2841209310009.1,2768460310009.1,42.1551,42.1551,7.3603,27.8728,0.005081,0.035877,0.0,7.1719,21.2546,23.265,27.0722,23.7787,29.4322,0.067125,0.07597,0.072227,0.0584,0.085714,0.174513,-0.476209,0.605166,-0.215152,-0.251764,-0.269198,-0.285905,-0.277794,-0.27619,-0.40029,-0.343401,0.319858,0.437499,0.337959,0.308179,0.309823,0.257098,0.562501,0.063663,0.065657,0.12932,0.829822,1.0,0.170178,1.1224,19.6356,40.975,10.0109,4.7148,18.5887,8.9079,77.4165,-49.92,-1.1384,5.0361,5.0361,1.533,1.7802,0.0,0.001708,0.0,0.0,1.492711,0.0,0.347757,0.288576,0.0,1.492711,0.144543,0.985834,11.20366,0.0889,0.551409,0.640308,0.0,0.0,0.359692,0.9211,-0.5585,0.7933,1.1733,-0.7114,1.0104,7.4215,0.0,0.0,0.0,0.0,0.0,0.0,0.0,0.9268,0.76,-0.114454,0.018989,-0.024165,24877228507.9,0.255733,0.309823,16278802000.0,1.54,16403316000.0,1.52,16185181000.0,0.0
0,AAPL,Apple Inc,2022-03-27,2022-03-27,2022-06-25,2022,Q3,0.018727,19450428856.3,0.234458,-1510000000.0,-85.3335,6063000000.0,13387428856.3,8428856.3,-59617000000.0,23066000000.0,2805000000.0,25871000000.0,2102000000.0,-40821000000.0,7410000000.0,-17581000000.0,119691000000.0,94700000000.0,-59617000000.0,177798000000.0,3.5901,3.5901,2287142378505.4,2227525378505.4,39.3609,39.3609,5.9017,22.9557,0.006328,0.043562,0.0,5.7478,17.2781,18.9264,22.2373,18.8416,23.67,-0.048895,-0.05347,-0.096471,-0.105868,-0.076923,0.085238,-0.346578,0.800607,-0.147197,-0.213073,-0.234679,-0.218143,-0.222631,-0.210526,-0.187247,-0.197263,0.717757,0.432563,0.311853,0.278162,0.278041,0.234357,0.567437,0.07247,0.081932,0.154402,0.842886,1.0,0.157114,1.1635,19.7333,41.4063,9.8174,4.9504,18.4967,8.8151,73.7307,-46.419,-1.0742,5.443,5.443,1.6298,2.0598,0.0,-0.000128,0.0,0.0,1.628163,0.0,0.323509,0.272681,0.0,1.628163,0.148324,0.998665,10.89058,0.140558,0.532627,0.673185,0.0,0.0,0.326815,0.9284,-0.4624,0.7346,1.1949,-0.5952,0.9454,6.2707,0.0,0.0,0.0,0.0,0.0,0.0,0.0,0.8646,0.6966,-0.105333,0.019121,-0.045365,19450428856.3,0.234458,0.278041,16162945000.0,1.2,16262203000.0,1.2,16070752000.0,0.0
0,AAPL,Apple Inc,2022-06-26,2022-06-26,2022-09-24,2022,Q4,0.081406,20920167660.3,0.23207,1632000000.0,-733.6335,4339000000.0,16581167660.3,199167660.3,-49040000000.0,24657000000.0,2865000000.0,27522000000.0,3289000000.0,-45771000000.0,2533000000.0,-18577000000.0,120069000000.0,98959000000.0,-49040000000.0,170741000000.0,3.1531,3.1531,2441624416901.8,2392584416901.8,48.1849,48.1849,6.1919,24.4644,0.006018,0.040876,1466.0444,6.0675,18.3752,20.0884,23.906,19.5871,24.9894,0.048977,0.060607,-0.005061,0.008272,0.04065,0.194406,0.713181,1.602881,0.086633,0.063817,0.068976,0.075563,0.065785,0.066667,0.053949,0.238563,2.080795,0.422592,0.305305,0.276152,0.273523,0.22986,0.577408,0.07144,0.075001,0.14644,0.84037,1.0,0.15963,1.1206,14.4808,38.7899,9.67,3.7609,25.2057,9.4097,97.0504,-62.435,-1.0094,6.1862,6.1862,1.9529,2.3695,0.0,-0.003469,0.0,0.0,1.754593,58.666591,0.30652,0.25759,0.0,1.754593,0.148703,1.044488,7.335664,0.123638,0.579585,0.703223,0.0,0.0,0.296777,0.9221,-0.3766,0.76,1.1997,-0.49,0.9888,6.1227,0.0,0.0,0.0,0.0,0.0,0.0,0.0,0.8794,0.7094,-0.116073,0.006424,-0.047111,20920167660.3,0.23207,0.273523,16215963000.0,1.28,16325819000.0,1.28,15908118000.0,1.28
